id,date,industry,category,company,title,source,source_url,summary,signal,tags,importance,created_at,updated_at
aed96edf12404c468e49a8e60e1d3dd2,2026-06-02,AI,Agent,Anthropic,Claude Agent 能力增强,Anthropic Blog,,该事件说明 Agent 产品形态继续成熟。,Agent 工程化加速,Agent;Product;Anthropic;Claude;AI,4,,2026-06-02T22:26:36
2f23e0fdea864de395e2b58513e103b6,2026-06-02,Commercial Space,Launch,Rocket Lab,Rocket Lab 发射服务持续扩展,Rocket Lab,,该事件说明中小型商业发射市场仍在增长。,商业发射服务竞争加剧,,4,,
d4c4fa3639a94141afa5346408977298,2026-06-02,AI,Agent,OpenAI,OpenAI 推进 Agent 产品化,OpenAI Blog,https://openai.com/agent-demo,该事件说明 Agent 正在从概念验证走向真实业务场景。,Agent 商业化加速,Agent;Product Launch;OpenAI;Commercialization;AI Industry;Product;AI App,5,2026-06-02T21:06:21,2026-06-02T22:46:19
3f0b75366d3849a385de00a0991776cc,2026-06-02,Commercial Space,Satellite,SpaceX,Starlink 星座继续扩张,SpaceX,https://www.spacex.com/starlink,该事件说明低轨卫星互联网仍是商业航天的重要增长方向。,卫星互联网基础设施扩张,Satellite;Starlink;Internet,4,2026-06-02T21:06:21,2026-06-02T22:46:19
2e2a389422d24716a2f7e5702338fbb7,2026-06-02,AI,Research,arXiv cs.AI,Position Paper: Post-Solve Robustness in Decision Engines: Feasible Regions and Smoothness Under Perturbations,arXiv cs.AI,https://arxiv.org/abs/2606.00002,"arXiv:2606.00002v1 Announce Type: new 
Abstract: Mixed-Integer Linear Programming (MILP) decision engines routinely output nominally optimal plans for high-stakes industrial systems. Yet deployment rarely matches solve-time assumptions: small perturbations in costs, demands, or resource availability can invalidate feasibility or trigger discontinuous shifts to qualitatively different solutions. We argue that this post-solve robustness gap is a missing layer in today's optimization pipelines and a missing evaluation dimension for learning-enabled decision systems. Rather than replacing robust optimization or stochastic programming, the proposed layer audits a solved incumbent and returns solver-backed evidence about how far that solution can be trusted. We formalize two central objects: (i) an $\epsilon$-near-optimal feasible neighborhood in parameter space, capturing when an incumbent remains feasible and near-optimal under perturbations, and (ii) solution smoothness in decision space, capturing whether nearby alternatives with small combinatorial edits remain competitive. We then synthesize the most relevant partial answers from sensitivity and stability analysis, robust optimization, neighborhood search, adversarial testing, and learning-based enhancements, and articulate an agenda for a unified post-solve robustness layer. Concretely, we call for certified inner approximations around the incumbent, probabilistic robustness estimation with calibrated uncertainty, adversarial robustness margins, and learning-based prediction and explanation aligned with solver-backed verification. We conclude with a compact reporting template and evaluation protocol that would make robustness a first-class output of decision engines.",行业趋势：要求将解鲁棒性验证嵌入优化系统，作为决策可靠性的标准输出，反映 AI 在工业决策中需加强可信任评估。,AI;Research;arXiv,3,2026-06-02T21:19:34,2026-06-03T09:09:17
a270c876d12648a2b7d36ada816eb468,2026-06-02,AI,Research,arXiv cs.AI,Emergent Collaborative Deliberation in Multi-Model AI Systems: A BFT-Derived Protocol for Epistemic Synthesis,arXiv cs.AI,https://arxiv.org/abs/2606.00005,"arXiv:2606.00005v1 Announce Type: new 
Abstract: We present the Consilium Protocol, a Byzantine Fault Tolerance-derived architecture for structured multi-model AI deliberation that treats inter-model disagreement as epistemic signal rather than error. The protocol assigns engineered cognitive personas to language models -- separating what a model is from how it reasons -- and introduces an In-Sample/Out-of-Sample validation framework adapted from quantitative finance to distinguish training-data consensus from empirically grounded conclusions. Across 1,478 deliberation sessions spanning 32 topics in 10 domain categories, we demonstrate that (1) the cognitive persona, not the underlying model, determines epistemic behavior: free edge-inference models costing 0.0002 USD per batch produced comparable analytical output to frontier models costing 10.69 USD; (2) RLHF alignment training creates measurable, domain-specific epistemic blind spots -- contested policy topics exhibit 12.3 percentage points less adversarial challenge than settled science topics, and AI safety topics show asymmetric bias ($\Delta$=11.6%) where models challenge claims that AI is dangerous far more vigorously than claims that AI risk is overstated; (3) the protocol exhibits no directional bias of its own (immigration $\Delta$=2.3%, renewables $\Delta$=1.2%); and (4) out-of-sample evidence retrieval validated 239 claims with 100% evidence retrieval and surfaced 167 blind-spot discoveries invisible to training-data deliberation. Run-to-run reproducibility across randomized model$\times$persona assignments averages $\pm$2.2% standard deviation. Total cost for the complete battery including all overhead: 217 USD. We release the protocol specification under MIT license to enable independent verification.",,AI;Research;arXiv,3,2026-06-02T21:19:34,2026-06-02T21:19:34
300538c372be4f2d8ec5ecc468325f77,2026-06-02,AI,Research,arXiv cs.AI,Deliberative Curation: A Protocol for Multi-Agent Knowledge Bases,arXiv cs.AI,https://arxiv.org/abs/2606.00007,"arXiv:2606.00007v1 Announce Type: new 
Abstract: As AI agents transition from isolated tools to collaborative participants in shared knowledge ecosystems, governing collective knowledge curation becomes a critical challenge. Human platform governance mechanisms do not transfer directly: agent statelessness undermines deterrence-based sanctions, model homogeneity violates independence assumptions underlying crowd wisdom, and sycophancy collapses deliberative consensus.
  We propose a deliberative curation protocol combining three governance layers: (1) a knowledge artifact lifecycle formalized as a labeled transition system; (2) reputation-weighted deliberative voting integrating Beta Reputation with EigenTrust amplification; and (3) graduated sanctions adapted for stateless agents, including broken agent handling distinguishing malfunction from adversarial behavior.
  We evaluate the protocol through agent-based simulation with 100 agents across seven behavioral archetypes under two adversity scenarios (30 seeds, paired t-tests). The protocol trades modest precision under benign conditions for substantially better resilience under adversity: 0.826 vs 0.791 for majority vote under moderate adversity (p<0.001), widening to 0.807 vs 0.740 under stress (p<0.001). The protocol degrades roughly three times more slowly than majority vote. Ablation analysis identifies commit-reveal vote concealment as the most impactful single component (8.2-8.6pp precision improvement, p<0.001), outperforming reputation weighting and deliberation combined. Graduated sanctions were not exercised in simulation and remain empirically unvalidated.",,AI;Research;arXiv,3,2026-06-02T21:19:34,2026-06-02T21:19:34
8630bceb4b534a5f83e6063ba8014838,2026-06-01,Commercial Space,Space Technology,NASA Technology,Gravity Waves From Super Typhoon Sinlaku,NASA Technology,https://science.nasa.gov/earth/earth-observatory/gravity-waves-from-super-typhoon-sinlaku/,Satellites observed striking upper-atmosphere phenomena generated by an intensifying tropical cyclone.,,Space;NASA;Technology,3,2026-06-03T09:08:56,2026-06-03T09:08:56
158da0db4d684cafbdf933a504f1037c,2026-05-27,Commercial Space,Space Technology,NASA Technology,NASA’s 2026 Lunabotics: Winning Student Teams Engineering Lunar Future,NASA Technology,https://www.nasa.gov/centers-and-facilities/kennedy/nasas-2026-lunabotics-winning-student-teams-engineering-lunar-future/,"Editor’s Note: This article was updated on Tuesday, June 2, 2026, to align with current program details. All confirmed information regarding the 2026 Lunabotics Challenge remains unchanged. Editor’s Note: This article was updated on Wednesday, May 27, 2026, to correct the recipient of the Systems Engineering Leaps and Bounds Award. Resilient. Efficient. Autonomous. These are […]",,Space;NASA;Technology,3,2026-06-03T09:08:56,2026-06-03T09:08:56
a14f47c641a04189a277164e1275fc67,2026-05-20,Commercial Space,Space Technology,NASA Technology,NASA Releases Technology Priorities to Energize Space Industry,NASA Technology,https://www.nasa.gov/technology/nasa-releases-technology-priorities-to-energize-space-industry/,"NASA released the 2026 Civil Space Shortfall Ranking list on Wednesday, which integrates more than 400 responses from stakeholders including industry organizations, government agencies, and academia. Shortfalls refer to technology areas requiring further development to meet future exploration, science, and other mission needs. The goal of this document is to rank the space community’s most pervasive shortfalls to […]",,Space;NASA;Technology,3,2026-06-03T09:08:56,2026-06-03T09:08:56
f4e42acc33564e34ad9ba48f9c7d43f1,2026-06-02,Commercial Space,Space Exploration,NASA Artemis,NASA Testing Wastewater Treatment Facility for Future Moon Base,NASA Artemis,https://www.nasa.gov/centers-and-facilities/kennedy/nasa-testing-wastewater-treatment-facility-for-future-moon-base/,A mobile wastewater treatment system built at NASA’s Kennedy Space Center in Florida that can help prepare for long-duration missions on the Moon and Mars departed the spaceport and arrived at the University of North Dakota in Grand Forks. Graduate students at the university will test the technology under conditions designed to closely mimic the […],,Space;NASA;Artemis,3,2026-06-03T09:08:56,2026-06-03T09:08:56
2c9813656fd4439da946d1d0ab51cbe0,2026-06-02,Commercial Space,Space Exploration,NASA Artemis,"Spacewalking With Scott Wray, Artemis EVA Training Lead",NASA Artemis,https://www.nasa.gov/centers-and-facilities/johnson/spacewalking-with-scott-wray-artemis-eva-training-lead/,"Scott Wray’s experience with spacewalks started when he was about 6 years old. A tent resembling a lunar lander provided the perfect imaginary spacecraft. “I would lie on my back with my feet propped up on a pillow as I imagined going through a launch countdown sequence,” he said. “Then I would exit the tent […]",,Space;NASA;Artemis,3,2026-06-03T09:08:56,2026-06-03T09:08:56
d8f3f2f34133414ab3e5d5e97f46882f,2026-05-28,Commercial Space,Space Exploration,NASA Artemis,I Am Artemis: Daniel Stubbs,NASA Artemis,https://www.nasa.gov/missions/artemis/i-am-artemis/i-am-artemis-daniel-stubbs/,"Listen to this audio excerpt from Daniel Stubbs, NASA aerospace engineer: If you’ve driven through a cloud of dust and dirt that temporarily obscured your view, you’ve gotten a partial picture of a potential problem that NASA’s human landing systems for Artemis will face when they land on the Moon. Daniel Stubbs, an aerospace engineer […]",,Space;NASA;Artemis,3,2026-06-03T09:08:56,2026-06-03T09:08:56
